{
    "swagger": "2.0",
    "info": {
        "description": "A Voting DLT service API in Go using Gin framework.",
        "title": "Fabric Voting API",
        "contact": {
            "name": "Izqalan Nor'Izad",
            "url": "https://github.com/izqalan",
            "email": "izqalan@duck.com"
        },
        "version": "1.0"
    },
    "host": "localhost:8081",
    "basePath": "/api/v1",
    "paths": {
        "/ballot/vote": {
            "post": {
                "description": "vote for a candidate",
                "consumes": [
                    "application/json"
                ],
                "produces": [
                    "application/json"
                ],
                "tags": [
                    "Ballot"
                ],
                "summary": "vote",
                "responses": {
                    "200": {
                        "description": "Vote casted",
                        "schema": {
                            "type": "string"
                        }
                    }
                }
            }
        },
        "/candidate": {
            "post": {
                "description": "Create a new candidate",
                "consumes": [
                    "application/json"
                ],
                "produces": [
                    "application/json"
                ],
                "tags": [
                    "Candidate"
                ],
                "summary": "Create Candidate",
                "responses": {
                    "200": {
                        "description": "Candidate created",
                        "schema": {
                            "type": "string"
                        }
                    }
                }
            }
        },
        "/candidate/{electionID}": {
            "get": {
                "description": "Get candidate by electionID",
                "consumes": [
                    "application/json"
                ],
                "produces": [
                    "application/json"
                ],
                "tags": [
                    "Candidate"
                ],
                "summary": "Get Candidate",
                "parameters": [
                    {
                        "type": "string",
                        "description": "Election ID",
                        "name": "electionID",
                        "in": "path",
                        "required": true
                    }
                ],
                "responses": {
                    "200": {
                        "description": "Candidates fetched",
                        "schema": {
                            "type": "string"
                        }
                    }
                }
            }
        },
        "/election": {
            "get": {
                "description": "Get all elections",
                "consumes": [
                    "application/json"
                ],
                "produces": [
                    "application/json"
                ],
                "tags": [
                    "Election"
                ],
                "summary": "Get All Elections",
                "responses": {
                    "200": {
                        "description": "Elections fetched",
                        "schema": {
                            "type": "string"
                        }
                    }
                }
            },
            "post": {
                "description": "Create a new election",
                "consumes": [
                    "application/json"
                ],
                "produces": [
                    "application/json"
                ],
                "tags": [
                    "Election"
                ],
                "summary": "Create Election",
                "responses": {
                    "200": {
                        "description": "Election created",
                        "schema": {
                            "type": "string"
                        }
                    }
                }
            }
        },
        "/election/{electionID}": {
            "get": {
                "description": "Get election by electionID",
                "consumes": [
                    "application/json"
                ],
                "produces": [
                    "application/json"
                ],
                "tags": [
                    "Election"
                ],
                "summary": "Get Election by id",
                "parameters": [
                    {
                        "type": "string",
                        "description": "Election ID",
                        "name": "electionID",
                        "in": "path",
                        "required": true
                    }
                ],
                "responses": {
                    "200": {
                        "description": "Election created",
                        "schema": {
                            "type": "string"
                        }
                    }
                }
            },
            "put": {
                "description": "Update election by electionID",
                "consumes": [
                    "application/json"
                ],
                "produces": [
                    "application/json"
                ],
                "tags": [
                    "Election"
                ],
                "summary": "Update Election",
                "parameters": [
                    {
                        "type": "string",
                        "description": "Election ID",
                        "name": "electionID",
                        "in": "path",
                        "required": true
                    }
                ],
                "responses": {
                    "200": {
                        "description": "Election updated",
                        "schema": {
                            "type": "string"
                        }
                    }
                }
            }
        },
        "/hello": {
            "get": {
                "description": "Returns hello world",
                "produces": [
                    "application/json"
                ],
                "tags": [
                    "Signal"
                ],
                "summary": "Hello World",
                "responses": {
                    "200": {
                        "description": "hello world",
                        "schema": {
                            "type": "string"
                        }
                    }
                }
            }
        },
        "/ping": {
            "get": {
                "description": "Returns pong",
                "produces": [
                    "text/plain"
                ],
                "tags": [
                    "Signal"
                ],
                "summary": "Ping Pong",
                "responses": {
                    "200": {
                        "description": "pong",
                        "schema": {
                            "type": "string"
                        }
                    }
                }
            }
        },
        "/voter": {
            "post": {
                "description": "Create a new voter",
                "consumes": [
                    "application/json"
                ],
                "produces": [
                    "application/json"
                ],
                "tags": [
                    "Voter"
                ],
                "summary": "Create Voter",
                "responses": {
                    "200": {
                        "description": "Voter created",
                        "schema": {
                            "type": "string"
                        }
                    }
                }
            }
        }
    }
}